Class,File Name,Path,File Format,Video Size (MB),Video Quality,Duration (s),Frame Count,FPS,Resolution,Aspect Ratio,Corrupted
asd,#NAME?,d:\Class\06_DL\02_CNN\03_Computer Vision\1_Object_Detection\Projects\Autistic Spectrum Disorders\05_Research Tracker\Datasets\Dataset_V3\asd\-hSduu8zDzI - Trim.mp4,.mp4,0.93,SD,11.48,344,29.97,640x360,1.78,FALSE
asd,0g51c2BCqu8.mp4,d:\Class\06_DL\02_CNN\03_Computer Vision\1_Object_Detection\Projects\Autistic Spectrum Disorders\05_Research Tracker\Datasets\Dataset_V3\asd\0g51c2BCqu8.mp4,.mp4,19.53,SD,259.66,7780,29.96,640x360,1.78,FALSE
asd,2AS14wxMB-A.mp4,d:\Class\06_DL\02_CNN\03_Computer Vision\1_Object_Detection\Projects\Autistic Spectrum Disorders\05_Research Tracker\Datasets\Dataset_V3\asd\2AS14wxMB-A.mp4,.mp4,1.52,Low,29.62,590,19.92,202x360,0.56,FALSE
asd,2uf_A92mqtA.mp4,d:\Class\06_DL\02_CNN\03_Computer Vision\1_Object_Detection\Projects\Autistic Spectrum Disorders\05_Research Tracker\Datasets\Dataset_V3\asd\2uf_A92mqtA.mp4,.mp4,0.64,Low,10.44,313,29.97,320x568,0.56,FALSE
asd,5ip_N6zzhwg.mp4,d:\Class\06_DL\02_CNN\03_Computer Vision\1_Object_Detection\Projects\Autistic Spectrum Disorders\05_Research Tracker\Datasets\Dataset_V3\asd\5ip_N6zzhwg.mp4,.mp4,1.43,Low,41.43,1243,30,204x360,0.57,FALSE
asd,7gTzEwT8eNA.mp4,d:\Class\06_DL\02_CNN\03_Computer Vision\1_Object_Detection\Projects\Autistic Spectrum Disorders\05_Research Tracker\Datasets\Dataset_V3\asd\7gTzEwT8eNA.mp4,.mp4,0.09,Low,2.79,84,30.14,202x360,0.56,FALSE
asd,7lgAK1z-Scs.mp4,d:\Class\06_DL\02_CNN\03_Computer Vision\1_Object_Detection\Projects\Autistic Spectrum Disorders\05_Research Tracker\Datasets\Dataset_V3\asd\7lgAK1z-Scs.mp4,.mp4,2.08,SD,27.06,460,17,640x360,1.78,FALSE
asd,8bWc5GC-OT0.mp4,d:\Class\06_DL\02_CNN\03_Computer Vision\1_Object_Detection\Projects\Autistic Spectrum Disorders\05_Research Tracker\Datasets\Dataset_V3\asd\8bWc5GC-OT0.mp4,.mp4,1.11,Low,25.43,763,30,270x360,0.75,FALSE
asd,8R1MfXoI3mo.mp4,d:\Class\06_DL\02_CNN\03_Computer Vision\1_Object_Detection\Projects\Autistic Spectrum Disorders\05_Research Tracker\Datasets\Dataset_V3\asd\8R1MfXoI3mo.mp4,.mp4,3.47,Low,56.91,1423,25.01,480x360,1.33,FALSE
asd,8SrUO-NdSZU - Trim.mp4,d:\Class\06_DL\02_CNN\03_Computer Vision\1_Object_Detection\Projects\Autistic Spectrum Disorders\05_Research Tracker\Datasets\Dataset_V3\asd\8SrUO-NdSZU - Trim.mp4,.mp4,3.61,Low,57.25,1718,30.01,480x360,1.33,FALSE
asd,9zOrUA7Kn4o - Trim.mp4,d:\Class\06_DL\02_CNN\03_Computer Vision\1_Object_Detection\Projects\Autistic Spectrum Disorders\05_Research Tracker\Datasets\Dataset_V3\asd\9zOrUA7Kn4o - Trim.mp4,.mp4,1.8,Low,39.8,1102,27.69,480x360,1.33,FALSE
asd,a5xR1xoUwTs.mp4,d:\Class\06_DL\02_CNN\03_Computer Vision\1_Object_Detection\Projects\Autistic Spectrum Disorders\05_Research Tracker\Datasets\Dataset_V3\asd\a5xR1xoUwTs.mp4,.mp4,1.18,SD,27.83,835,30,640x360,1.78,FALSE
asd,adIKRHRthGE.mp4,d:\Class\06_DL\02_CNN\03_Computer Vision\1_Object_Detection\Projects\Autistic Spectrum Disorders\05_Research Tracker\Datasets\Dataset_V3\asd\adIKRHRthGE.mp4,.mp4,0.8,Low,23.36,700,29.97,202x360,0.56,FALSE
asd,aLuqZIzEz-Q.mp4,d:\Class\06_DL\02_CNN\03_Computer Vision\1_Object_Detection\Projects\Autistic Spectrum Disorders\05_Research Tracker\Datasets\Dataset_V3\asd\aLuqZIzEz-Q.mp4,.mp4,0.32,Low,8.24,117,14.2,200x360,0.56,FALSE
asd,BcuZ3C9Q3Jg.mp4,d:\Class\06_DL\02_CNN\03_Computer Vision\1_Object_Detection\Projects\Autistic Spectrum Disorders\05_Research Tracker\Datasets\Dataset_V3\asd\BcuZ3C9Q3Jg.mp4,.mp4,1.6,SD,25.69,616,23.98,640x360,1.78,FALSE
asd,BpP916oG4BU.mp4,d:\Class\06_DL\02_CNN\03_Computer Vision\1_Object_Detection\Projects\Autistic Spectrum Disorders\05_Research Tracker\Datasets\Dataset_V3\asd\BpP916oG4BU.mp4,.mp4,1.14,Low,16.56,173,10.45,480x360,1.33,FALSE
asd,bTfelkLRv9s.mp4,d:\Class\06_DL\02_CNN\03_Computer Vision\1_Object_Detection\Projects\Autistic Spectrum Disorders\05_Research Tracker\Datasets\Dataset_V3\asd\bTfelkLRv9s.mp4,.mp4,2.66,Low,53.66,531,9.89,540x360,1.5,FALSE
asd,CV7u_oqTckU - Trim.mp4,d:\Class\06_DL\02_CNN\03_Computer Vision\1_Object_Detection\Projects\Autistic Spectrum Disorders\05_Research Tracker\Datasets\Dataset_V3\asd\CV7u_oqTckU - Trim.mp4,.mp4,1.14,SD,13.53,406,30.02,640x360,1.78,FALSE
asd,DaOMBKX_NX8.mp4,d:\Class\06_DL\02_CNN\03_Computer Vision\1_Object_Detection\Projects\Autistic Spectrum Disorders\05_Research Tracker\Datasets\Dataset_V3\asd\DaOMBKX_NX8.mp4,.mp4,1.58,SD,23.73,712,30,640x360,1.78,FALSE
asd,DrIcscvrlEQ.mp4,d:\Class\06_DL\02_CNN\03_Computer Vision\1_Object_Detection\Projects\Autistic Spectrum Disorders\05_Research Tracker\Datasets\Dataset_V3\asd\DrIcscvrlEQ.mp4,.mp4,0.48,Low,10.03,301,30,272x480,0.57,FALSE
asd,dxTGnfkSiZI - Trim.mp4,d:\Class\06_DL\02_CNN\03_Computer Vision\1_Object_Detection\Projects\Autistic Spectrum Disorders\05_Research Tracker\Datasets\Dataset_V3\asd\dxTGnfkSiZI - Trim.mp4,.mp4,1.09,SD,28.29,848,29.98,640x360,1.78,FALSE
asd,dygDLE1eAZc.mp4,d:\Class\06_DL\02_CNN\03_Computer Vision\1_Object_Detection\Projects\Autistic Spectrum Disorders\05_Research Tracker\Datasets\Dataset_V3\asd\dygDLE1eAZc.mp4,.mp4,1.67,Low,31.2,780,25,480x360,1.33,FALSE
asd,EAuqFS3FrJA - Trim.mp4,d:\Class\06_DL\02_CNN\03_Computer Vision\1_Object_Detection\Projects\Autistic Spectrum Disorders\05_Research Tracker\Datasets\Dataset_V3\asd\EAuqFS3FrJA - Trim.mp4,.mp4,3.02,Low,50.74,465,9.16,600x360,1.67,FALSE
asd,eKQ8MBb_sNU.mp4,d:\Class\06_DL\02_CNN\03_Computer Vision\1_Object_Detection\Projects\Autistic Spectrum Disorders\05_Research Tracker\Datasets\Dataset_V3\asd\eKQ8MBb_sNU.mp4,.mp4,0.66,Low,11.37,341,30,272x480,0.57,FALSE
asd,F5H17FHYa-k - Trim.mp4,d:\Class\06_DL\02_CNN\03_Computer Vision\1_Object_Detection\Projects\Autistic Spectrum Disorders\05_Research Tracker\Datasets\Dataset_V3\asd\F5H17FHYa-k - Trim.mp4,.mp4,0.25,SD,4.67,112,23.98,640x360,1.78,FALSE
asd,fBW6Rnazl_Q - Trim.mp4,d:\Class\06_DL\02_CNN\03_Computer Vision\1_Object_Detection\Projects\Autistic Spectrum Disorders\05_Research Tracker\Datasets\Dataset_V3\asd\fBW6Rnazl_Q - Trim.mp4,.mp4,2.12,SD,35.76,1073,30,640x360,1.78,FALSE
asd,fBW6Rnazl_Q - Trim1.mp4,d:\Class\06_DL\02_CNN\03_Computer Vision\1_Object_Detection\Projects\Autistic Spectrum Disorders\05_Research Tracker\Datasets\Dataset_V3\asd\fBW6Rnazl_Q - Trim1.mp4,.mp4,3.16,SD,53.7,1611,30,640x360,1.78,FALSE
asd,FuiJ8ZRMDEQ - Trim.mp4,d:\Class\06_DL\02_CNN\03_Computer Vision\1_Object_Detection\Projects\Autistic Spectrum Disorders\05_Research Tracker\Datasets\Dataset_V3\asd\FuiJ8ZRMDEQ - Trim.mp4,.mp4,1.23,Low,25.77,773,30,360x640,0.56,FALSE
asd,gbwXCi4YizE.mp4,d:\Class\06_DL\02_CNN\03_Computer Vision\1_Object_Detection\Projects\Autistic Spectrum Disorders\05_Research Tracker\Datasets\Dataset_V3\asd\gbwXCi4YizE.mp4,.mp4,1.68,Low,25.56,766,29.97,360x640,0.56,FALSE
asd,GCcJWyoGoMY - Trim.mp4,d:\Class\06_DL\02_CNN\03_Computer Vision\1_Object_Detection\Projects\Autistic Spectrum Disorders\05_Research Tracker\Datasets\Dataset_V3\asd\GCcJWyoGoMY - Trim.mp4,.mp4,0.24,Low,3.9,118,30.23,480x360,1.33,FALSE
asd,gKED6S0eGYA.mp4,d:\Class\06_DL\02_CNN\03_Computer Vision\1_Object_Detection\Projects\Autistic Spectrum Disorders\05_Research Tracker\Datasets\Dataset_V3\asd\gKED6S0eGYA.mp4,.mp4,1.42,Low,25.13,754,30,480x360,1.33,FALSE
asd,Gt-WMpTP7IE - Trim.mp4,d:\Class\06_DL\02_CNN\03_Computer Vision\1_Object_Detection\Projects\Autistic Spectrum Disorders\05_Research Tracker\Datasets\Dataset_V3\asd\Gt-WMpTP7IE - Trim.mp4,.mp4,3.64,SD,47,1128,24,640x360,1.78,FALSE
asd,G_oI-RfDzjs.mp4,d:\Class\06_DL\02_CNN\03_Computer Vision\1_Object_Detection\Projects\Autistic Spectrum Disorders\05_Research Tracker\Datasets\Dataset_V3\asd\G_oI-RfDzjs.mp4,.mp4,1.47,Low,18.39,551,29.97,360x640,0.56,FALSE
asd,hbiKingfbLY - Trim.mp4,d:\Class\06_DL\02_CNN\03_Computer Vision\1_Object_Detection\Projects\Autistic Spectrum Disorders\05_Research Tracker\Datasets\Dataset_V3\asd\hbiKingfbLY - Trim.mp4,.mp4,1.52,SD,19.43,583,30.01,640x360,1.78,FALSE
asd,hIWUbXvvhO0.mp4,d:\Class\06_DL\02_CNN\03_Computer Vision\1_Object_Detection\Projects\Autistic Spectrum Disorders\05_Research Tracker\Datasets\Dataset_V3\asd\hIWUbXvvhO0.mp4,.mp4,0.89,Low,26.83,805,30,204x360,0.57,FALSE
asd,HNBXh63INrA - Trim.mp4,d:\Class\06_DL\02_CNN\03_Computer Vision\1_Object_Detection\Projects\Autistic Spectrum Disorders\05_Research Tracker\Datasets\Dataset_V3\asd\HNBXh63INrA - Trim.mp4,.mp4,0.57,Low,8.68,260,29.97,360x640,0.56,FALSE
asd,HWoLOw8Xzv4 - Trim.mp4,d:\Class\06_DL\02_CNN\03_Computer Vision\1_Object_Detection\Projects\Autistic Spectrum Disorders\05_Research Tracker\Datasets\Dataset_V3\asd\HWoLOw8Xzv4 - Trim.mp4,.mp4,0.63,Low,18.04,542,30.05,198x360,0.55,FALSE
asd,I0xfBHnUk-s - Trim.mp4,d:\Class\06_DL\02_CNN\03_Computer Vision\1_Object_Detection\Projects\Autistic Spectrum Disorders\05_Research Tracker\Datasets\Dataset_V3\asd\I0xfBHnUk-s - Trim.mp4,.mp4,0.97,SD,18.04,433,24.01,640x360,1.78,FALSE
asd,I0xfBHnUk-s - Trim1.mp4,d:\Class\06_DL\02_CNN\03_Computer Vision\1_Object_Detection\Projects\Autistic Spectrum Disorders\05_Research Tracker\Datasets\Dataset_V3\asd\I0xfBHnUk-s - Trim1.mp4,.mp4,0.89,SD,16.36,393,24.02,640x360,1.78,FALSE
asd,I7fdv1q9-m8 - Trim.mp4,d:\Class\06_DL\02_CNN\03_Computer Vision\1_Object_Detection\Projects\Autistic Spectrum Disorders\05_Research Tracker\Datasets\Dataset_V3\asd\I7fdv1q9-m8 - Trim.mp4,.mp4,0.86,Low,15.06,364,24.17,480x360,1.33,FALSE
asd,iDuAugAykcc - Trim.mp4,d:\Class\06_DL\02_CNN\03_Computer Vision\1_Object_Detection\Projects\Autistic Spectrum Disorders\05_Research Tracker\Datasets\Dataset_V3\asd\iDuAugAykcc - Trim.mp4,.mp4,1.91,Low,52.97,1269,23.96,320x240,1.33,FALSE
asd,IIX4a_6P8J0 - Trim.mp4,d:\Class\06_DL\02_CNN\03_Computer Vision\1_Object_Detection\Projects\Autistic Spectrum Disorders\05_Research Tracker\Datasets\Dataset_V3\asd\IIX4a_6P8J0 - Trim.mp4,.mp4,1.27,SD,24.53,614,25.03,640x360,1.78,FALSE
asd,iJFOiMjo3jQ - Trim.mp4,d:\Class\06_DL\02_CNN\03_Computer Vision\1_Object_Detection\Projects\Autistic Spectrum Disorders\05_Research Tracker\Datasets\Dataset_V3\asd\iJFOiMjo3jQ - Trim.mp4,.mp4,1.29,SD,22.2,533,24,640x360,1.78,FALSE
asd,JEYWjVZRzxk - Trim.mp4,d:\Class\06_DL\02_CNN\03_Computer Vision\1_Object_Detection\Projects\Autistic Spectrum Disorders\05_Research Tracker\Datasets\Dataset_V3\asd\JEYWjVZRzxk - Trim.mp4,.mp4,0.26,Low,6.71,161,24,202x360,0.56,FALSE
asd,JEYWjVZRzxk - Trim1.mp4,d:\Class\06_DL\02_CNN\03_Computer Vision\1_Object_Detection\Projects\Autistic Spectrum Disorders\05_Research Tracker\Datasets\Dataset_V3\asd\JEYWjVZRzxk - Trim1.mp4,.mp4,0.34,Low,9.15,220,24.04,202x360,0.56,FALSE
asd,jg_NhlcM2mc - Trim.mp4,d:\Class\06_DL\02_CNN\03_Computer Vision\1_Object_Detection\Projects\Autistic Spectrum Disorders\05_Research Tracker\Datasets\Dataset_V3\asd\jg_NhlcM2mc - Trim.mp4,.mp4,7.09,SD,123.56,3707,30,640x360,1.78,FALSE
asd,JJApKZgfSb8 - Trim.mp4,d:\Class\06_DL\02_CNN\03_Computer Vision\1_Object_Detection\Projects\Autistic Spectrum Disorders\05_Research Tracker\Datasets\Dataset_V3\asd\JJApKZgfSb8 - Trim.mp4,.mp4,0.29,Low,10.71,321,29.97,202x360,0.56,FALSE
asd,JwaWugM2GIg - Trim.mp4,d:\Class\06_DL\02_CNN\03_Computer Vision\1_Object_Detection\Projects\Autistic Spectrum Disorders\05_Research Tracker\Datasets\Dataset_V3\asd\JwaWugM2GIg - Trim.mp4,.mp4,1.14,Low,29.88,717,24,202x360,0.56,FALSE
asd,JynBZy8nMKw - Trim.mp4,d:\Class\06_DL\02_CNN\03_Computer Vision\1_Object_Detection\Projects\Autistic Spectrum Disorders\05_Research Tracker\Datasets\Dataset_V3\asd\JynBZy8nMKw - Trim.mp4,.mp4,1.83,Low,52.93,1588,30,204x360,0.57,FALSE
asd,J_toDtFFXd4.mp4,d:\Class\06_DL\02_CNN\03_Computer Vision\1_Object_Detection\Projects\Autistic Spectrum Disorders\05_Research Tracker\Datasets\Dataset_V3\asd\J_toDtFFXd4.mp4,.mp4,0.77,Low,14.55,436,29.97,360x360,1,FALSE
asd,L48pMhkaDtA - Trim.mp4,d:\Class\06_DL\02_CNN\03_Computer Vision\1_Object_Detection\Projects\Autistic Spectrum Disorders\05_Research Tracker\Datasets\Dataset_V3\asd\L48pMhkaDtA - Trim.mp4,.mp4,3.66,SD,58.59,1758,30,640x360,1.78,FALSE
asd,L6yPncK6pQA - Trim.mp4,d:\Class\06_DL\02_CNN\03_Computer Vision\1_Object_Detection\Projects\Autistic Spectrum Disorders\05_Research Tracker\Datasets\Dataset_V3\asd\L6yPncK6pQA - Trim.mp4,.mp4,1.99,SD,33.52,1005,29.98,640x360,1.78,FALSE
asd,lfs4Hc36ajY.mp4,d:\Class\06_DL\02_CNN\03_Computer Vision\1_Object_Detection\Projects\Autistic Spectrum Disorders\05_Research Tracker\Datasets\Dataset_V3\asd\lfs4Hc36ajY.mp4,.mp4,0.13,Low,3.6,108,30,202x360,0.56,FALSE
asd,lPIVQaUtF0U - Trim.mp4,d:\Class\06_DL\02_CNN\03_Computer Vision\1_Object_Detection\Projects\Autistic Spectrum Disorders\05_Research Tracker\Datasets\Dataset_V3\asd\lPIVQaUtF0U - Trim.mp4,.mp4,2.09,Low,30.93,928,30,480x360,1.33,FALSE
asd,lvQPoNRpQcw - Trim.mp4,d:\Class\06_DL\02_CNN\03_Computer Vision\1_Object_Detection\Projects\Autistic Spectrum Disorders\05_Research Tracker\Datasets\Dataset_V3\asd\lvQPoNRpQcw - Trim.mp4,.mp4,0.2,SD,4.63,139,30.02,640x360,1.78,FALSE
asd,mV65hpL_upw - Trim.mp4,d:\Class\06_DL\02_CNN\03_Computer Vision\1_Object_Detection\Projects\Autistic Spectrum Disorders\05_Research Tracker\Datasets\Dataset_V3\asd\mV65hpL_upw - Trim.mp4,.mp4,0.79,Low,14.67,440,30,272x480,0.57,FALSE
asd,NqIahwghnYk.mp4,d:\Class\06_DL\02_CNN\03_Computer Vision\1_Object_Detection\Projects\Autistic Spectrum Disorders\05_Research Tracker\Datasets\Dataset_V3\asd\NqIahwghnYk.mp4,.mp4,0.42,Low,5.9,177,30,480x360,1.33,FALSE
asd,Nxgk374ybVs - Trim.mp4,d:\Class\06_DL\02_CNN\03_Computer Vision\1_Object_Detection\Projects\Autistic Spectrum Disorders\05_Research Tracker\Datasets\Dataset_V3\asd\Nxgk374ybVs - Trim.mp4,.mp4,3.29,SD,60.42,1795,29.71,640x360,1.78,FALSE
asd,Pb5GbCMSCd8 - Trim.mp4,d:\Class\06_DL\02_CNN\03_Computer Vision\1_Object_Detection\Projects\Autistic Spectrum Disorders\05_Research Tracker\Datasets\Dataset_V3\asd\Pb5GbCMSCd8 - Trim.mp4,.mp4,0.42,SD,5.21,157,30.16,640x360,1.78,FALSE
asd,pgj_LKf6jL4 - Trim.mp4,d:\Class\06_DL\02_CNN\03_Computer Vision\1_Object_Detection\Projects\Autistic Spectrum Disorders\05_Research Tracker\Datasets\Dataset_V3\asd\pgj_LKf6jL4 - Trim.mp4,.mp4,2.29,Low,45.71,1372,30.02,480x360,1.33,FALSE
asd,psovZFdqmpU - Trim.mp4,d:\Class\06_DL\02_CNN\03_Computer Vision\1_Object_Detection\Projects\Autistic Spectrum Disorders\05_Research Tracker\Datasets\Dataset_V3\asd\psovZFdqmpU - Trim.mp4,.mp4,2.13,Low,44.72,1208,27.01,270x360,0.75,FALSE
asd,PxH-Vubdzus - Trim.mp4,d:\Class\06_DL\02_CNN\03_Computer Vision\1_Object_Detection\Projects\Autistic Spectrum Disorders\05_Research Tracker\Datasets\Dataset_V3\asd\PxH-Vubdzus - Trim.mp4,.mp4,3.31,Low,61.41,1843,30.01,480x360,1.33,FALSE
asd,pz1nIbRWb2M - Trim.mp4,d:\Class\06_DL\02_CNN\03_Computer Vision\1_Object_Detection\Projects\Autistic Spectrum Disorders\05_Research Tracker\Datasets\Dataset_V3\asd\pz1nIbRWb2M - Trim.mp4,.mp4,0.31,Low,7.64,115,15.05,320x240,1.33,FALSE
asd,pz1nIbRWb2M - Trim1.mp4,d:\Class\06_DL\02_CNN\03_Computer Vision\1_Object_Detection\Projects\Autistic Spectrum Disorders\05_Research Tracker\Datasets\Dataset_V3\asd\pz1nIbRWb2M - Trim1.mp4,.mp4,0.11,Low,2.49,38,15.29,320x240,1.33,FALSE
asd,Q-5EeauFxJE - Trim.mp4,d:\Class\06_DL\02_CNN\03_Computer Vision\1_Object_Detection\Projects\Autistic Spectrum Disorders\05_Research Tracker\Datasets\Dataset_V3\asd\Q-5EeauFxJE - Trim.mp4,.mp4,1.71,Low,23.57,707,30,480x360,1.33,FALSE
asd,q3SsScFt-nE.mp4,d:\Class\06_DL\02_CNN\03_Computer Vision\1_Object_Detection\Projects\Autistic Spectrum Disorders\05_Research Tracker\Datasets\Dataset_V3\asd\q3SsScFt-nE.mp4,.mp4,1.27,Low,33.51,1006,30.02,202x360,0.56,FALSE
asd,qpD2tWn7RlI.mp4,d:\Class\06_DL\02_CNN\03_Computer Vision\1_Object_Detection\Projects\Autistic Spectrum Disorders\05_Research Tracker\Datasets\Dataset_V3\asd\qpD2tWn7RlI.mp4,.mp4,3.23,SD,56.82,1703,29.97,640x360,1.78,FALSE
asd,RubXTO0HJU8 - Trim.mp4,d:\Class\06_DL\02_CNN\03_Computer Vision\1_Object_Detection\Projects\Autistic Spectrum Disorders\05_Research Tracker\Datasets\Dataset_V3\asd\RubXTO0HJU8 - Trim.mp4,.mp4,0.19,SD,3.15,94,29.83,640x360,1.78,FALSE
asd,RubXTO0HJU8 - Trim1.mp4,d:\Class\06_DL\02_CNN\03_Computer Vision\1_Object_Detection\Projects\Autistic Spectrum Disorders\05_Research Tracker\Datasets\Dataset_V3\asd\RubXTO0HJU8 - Trim1.mp4,.mp4,0.97,SD,16.25,485,29.85,640x360,1.78,FALSE
asd,RUm6EftQnLY - Trim.mp4,d:\Class\06_DL\02_CNN\03_Computer Vision\1_Object_Detection\Projects\Autistic Spectrum Disorders\05_Research Tracker\Datasets\Dataset_V3\asd\RUm6EftQnLY - Trim.mp4,.mp4,0.36,SD,4.8,144,29.97,640x360,1.78,FALSE
asd,scM9g0LExJA - Trim.mp4,d:\Class\06_DL\02_CNN\03_Computer Vision\1_Object_Detection\Projects\Autistic Spectrum Disorders\05_Research Tracker\Datasets\Dataset_V3\asd\scM9g0LExJA - Trim.mp4,.mp4,3.86,Low,73.65,2210,30.01,480x360,1.33,FALSE
asd,SFzPzsxRKgI - Trim.mp4,d:\Class\06_DL\02_CNN\03_Computer Vision\1_Object_Detection\Projects\Autistic Spectrum Disorders\05_Research Tracker\Datasets\Dataset_V3\asd\SFzPzsxRKgI - Trim.mp4,.mp4,0.36,SD,6.58,198,30.09,640x360,1.78,FALSE
asd,U35q146wMZo - Trim.mp4,d:\Class\06_DL\02_CNN\03_Computer Vision\1_Object_Detection\Projects\Autistic Spectrum Disorders\05_Research Tracker\Datasets\Dataset_V3\asd\U35q146wMZo - Trim.mp4,.mp4,1.61,Low,21.75,653,30.03,480x360,1.33,FALSE
asd,uWgI1w2fQhs - Trim.mp4,d:\Class\06_DL\02_CNN\03_Computer Vision\1_Object_Detection\Projects\Autistic Spectrum Disorders\05_Research Tracker\Datasets\Dataset_V3\asd\uWgI1w2fQhs - Trim.mp4,.mp4,1.88,Low,30.76,922,29.97,480x360,1.33,FALSE
asd,VWmNcRO9tgk - Trim.mp4,d:\Class\06_DL\02_CNN\03_Computer Vision\1_Object_Detection\Projects\Autistic Spectrum Disorders\05_Research Tracker\Datasets\Dataset_V3\asd\VWmNcRO9tgk - Trim.mp4,.mp4,2.76,SD,48.36,1161,24.01,640x360,1.78,FALSE
asd,_ozb-jyjHx8.mp4,d:\Class\06_DL\02_CNN\03_Computer Vision\1_Object_Detection\Projects\Autistic Spectrum Disorders\05_Research Tracker\Datasets\Dataset_V3\asd\_ozb-jyjHx8.mp4,.mp4,3.57,Low,61.57,1847,30,480x360,1.33,FALSE
asd,_yzU7MU2wIE.mp4,d:\Class\06_DL\02_CNN\03_Computer Vision\1_Object_Detection\Projects\Autistic Spectrum Disorders\05_Research Tracker\Datasets\Dataset_V3\asd\_yzU7MU2wIE.mp4,.mp4,0.91,Low,10.29,257,24.98,540x360,1.5,FALSE
non_asd,Pexels_2587224-uhd_4096_2160_30fps.mp4,d:\Class\06_DL\02_CNN\03_Computer Vision\1_Object_Detection\Projects\Autistic Spectrum Disorders\05_Research Tracker\Datasets\Dataset_V3\non_asd\Pexels_2587224-uhd_4096_2160_30fps.mp4,.mp4,20.71,HD,8.11,243,29.97,4096x2160,1.9,FALSE
non_asd,Pexels_3196096-hd_1280_720_25fps.mp4,d:\Class\06_DL\02_CNN\03_Computer Vision\1_Object_Detection\Projects\Autistic Spectrum Disorders\05_Research Tracker\Datasets\Dataset_V3\non_asd\Pexels_3196096-hd_1280_720_25fps.mp4,.mp4,6.19,HD,19.28,482,25,1280x720,1.78,FALSE
non_asd,Pexels_3196464-hd_1920_1080_25fps.mp4,d:\Class\06_DL\02_CNN\03_Computer Vision\1_Object_Detection\Projects\Autistic Spectrum Disorders\05_Research Tracker\Datasets\Dataset_V3\non_asd\Pexels_3196464-hd_1920_1080_25fps.mp4,.mp4,8.05,HD,14.96,374,25,1920x1080,1.78,FALSE
non_asd,Pexels_3196602-sd_960_540_25fps.mp4,d:\Class\06_DL\02_CNN\03_Computer Vision\1_Object_Detection\Projects\Autistic Spectrum Disorders\05_Research Tracker\Datasets\Dataset_V3\non_asd\Pexels_3196602-sd_960_540_25fps.mp4,.mp4,2.93,SD,16.28,407,25,960x540,1.78,FALSE
non_asd,Pexels_3197602-sd_360_640_25fps.mp4,d:\Class\06_DL\02_CNN\03_Computer Vision\1_Object_Detection\Projects\Autistic Spectrum Disorders\05_Research Tracker\Datasets\Dataset_V3\non_asd\Pexels_3197602-sd_360_640_25fps.mp4,.mp4,1.12,Low,20.84,521,25,360x640,0.56,FALSE
non_asd,Pexels_3327104-hd_1280_720_24fps.mp4,d:\Class\06_DL\02_CNN\03_Computer Vision\1_Object_Detection\Projects\Autistic Spectrum Disorders\05_Research Tracker\Datasets\Dataset_V3\non_asd\Pexels_3327104-hd_1280_720_24fps.mp4,.mp4,8.36,HD,22.62,543,24,1280x720,1.78,FALSE
non_asd,Pexels_3695949-sd_960_540_24fps.mp4,d:\Class\06_DL\02_CNN\03_Computer Vision\1_Object_Detection\Projects\Autistic Spectrum Disorders\05_Research Tracker\Datasets\Dataset_V3\non_asd\Pexels_3695949-sd_960_540_24fps.mp4,.mp4,3.14,SD,16.29,391,24,960x540,1.78,FALSE
non_asd,Pexels_3973176-sd_960_506_25fps.mp4,d:\Class\06_DL\02_CNN\03_Computer Vision\1_Object_Detection\Projects\Autistic Spectrum Disorders\05_Research Tracker\Datasets\Dataset_V3\non_asd\Pexels_3973176-sd_960_506_25fps.mp4,.mp4,1,SD,5.32,133,25,960x506,1.9,FALSE
non_asd,Pexels_4016645-uhd_2560_1440_30fps.mp4,d:\Class\06_DL\02_CNN\03_Computer Vision\1_Object_Detection\Projects\Autistic Spectrum Disorders\05_Research Tracker\Datasets\Dataset_V3\non_asd\Pexels_4016645-uhd_2560_1440_30fps.mp4,.mp4,8.61,HD,14.45,433,29.97,2560x1440,1.78,FALSE
non_asd,Pexels_4016646-uhd_3840_2160_30fps.mp4,d:\Class\06_DL\02_CNN\03_Computer Vision\1_Object_Detection\Projects\Autistic Spectrum Disorders\05_Research Tracker\Datasets\Dataset_V3\non_asd\Pexels_4016646-uhd_3840_2160_30fps.mp4,.mp4,15.65,HD,11.11,333,29.97,3840x2160,1.78,FALSE
non_asd,Pexels_4039955-sd_960_506_25fps.mp4,d:\Class\06_DL\02_CNN\03_Computer Vision\1_Object_Detection\Projects\Autistic Spectrum Disorders\05_Research Tracker\Datasets\Dataset_V3\non_asd\Pexels_4039955-sd_960_506_25fps.mp4,.mp4,4.7,SD,32.12,803,25,960x506,1.9,FALSE
non_asd,Pexels_4039969-uhd_1440_2732_25fps.mp4,d:\Class\06_DL\02_CNN\03_Computer Vision\1_Object_Detection\Projects\Autistic Spectrum Disorders\05_Research Tracker\Datasets\Dataset_V3\non_asd\Pexels_4039969-uhd_1440_2732_25fps.mp4,.mp4,13.22,HD,9.24,231,25,1440x2732,0.53,FALSE
non_asd,Pexels_4190640-hd_1280_720_24fps.mp4,d:\Class\06_DL\02_CNN\03_Computer Vision\1_Object_Detection\Projects\Autistic Spectrum Disorders\05_Research Tracker\Datasets\Dataset_V3\non_asd\Pexels_4190640-hd_1280_720_24fps.mp4,.mp4,14.65,HD,57.1,1369,23.98,1280x720,1.78,FALSE
non_asd,Pexels_4555042-hd_1920_1080_25fps.mp4,d:\Class\06_DL\02_CNN\03_Computer Vision\1_Object_Detection\Projects\Autistic Spectrum Disorders\05_Research Tracker\Datasets\Dataset_V3\non_asd\Pexels_4555042-hd_1920_1080_25fps.mp4,.mp4,8.71,HD,13.8,345,25,1920x1080,1.78,FALSE
non_asd,Pexels_4625207-sd_960_540_25fps.mp4,d:\Class\06_DL\02_CNN\03_Computer Vision\1_Object_Detection\Projects\Autistic Spectrum Disorders\05_Research Tracker\Datasets\Dataset_V3\non_asd\Pexels_4625207-sd_960_540_25fps.mp4,.mp4,1.46,SD,7.04,176,25,960x540,1.78,FALSE
non_asd,Pexels_4625814-sd_360_640_30fps.mp4,d:\Class\06_DL\02_CNN\03_Computer Vision\1_Object_Detection\Projects\Autistic Spectrum Disorders\05_Research Tracker\Datasets\Dataset_V3\non_asd\Pexels_4625814-sd_360_640_30fps.mp4,.mp4,0.31,Low,5.61,168,29.97,360x640,0.56,FALSE
non_asd,Pexels_4625821-hd_720_1280_30fps.mp4,d:\Class\06_DL\02_CNN\03_Computer Vision\1_Object_Detection\Projects\Autistic Spectrum Disorders\05_Research Tracker\Datasets\Dataset_V3\non_asd\Pexels_4625821-hd_720_1280_30fps.mp4,.mp4,5.03,SD,15.88,476,29.97,720x1280,0.56,FALSE
non_asd,Pexels_4625822-sd_540_960_30fps.mp4,d:\Class\06_DL\02_CNN\03_Computer Vision\1_Object_Detection\Projects\Autistic Spectrum Disorders\05_Research Tracker\Datasets\Dataset_V3\non_asd\Pexels_4625822-sd_540_960_30fps.mp4,.mp4,3.21,Low,24.22,726,29.97,540x960,0.56,FALSE
non_asd,Pexels_4625830-sd_360_640_30fps.mp4,d:\Class\06_DL\02_CNN\03_Computer Vision\1_Object_Detection\Projects\Autistic Spectrum Disorders\05_Research Tracker\Datasets\Dataset_V3\non_asd\Pexels_4625830-sd_360_640_30fps.mp4,.mp4,0.74,Low,12.25,367,29.97,360x640,0.56,FALSE
non_asd,Pexels_4628688-hd_1280_720_50fps.mp4,d:\Class\06_DL\02_CNN\03_Computer Vision\1_Object_Detection\Projects\Autistic Spectrum Disorders\05_Research Tracker\Datasets\Dataset_V3\non_asd\Pexels_4628688-hd_1280_720_50fps.mp4,.mp4,2.2,HD,7.32,366,50,1280x720,1.78,FALSE
non_asd,Pexels_4628689-sd_640_360_25fps.mp4,d:\Class\06_DL\02_CNN\03_Computer Vision\1_Object_Detection\Projects\Autistic Spectrum Disorders\05_Research Tracker\Datasets\Dataset_V3\non_asd\Pexels_4628689-sd_640_360_25fps.mp4,.mp4,0.75,SD,11.76,294,25,640x360,1.78,FALSE
non_asd,Pexels_4668947-sd_960_540_25fps.mp4,d:\Class\06_DL\02_CNN\03_Computer Vision\1_Object_Detection\Projects\Autistic Spectrum Disorders\05_Research Tracker\Datasets\Dataset_V3\non_asd\Pexels_4668947-sd_960_540_25fps.mp4,.mp4,2.72,SD,20.36,509,25,960x540,1.78,FALSE
non_asd,Pexels_4669017-hd_1280_720_25fps.mp4,d:\Class\06_DL\02_CNN\03_Computer Vision\1_Object_Detection\Projects\Autistic Spectrum Disorders\05_Research Tracker\Datasets\Dataset_V3\non_asd\Pexels_4669017-hd_1280_720_25fps.mp4,.mp4,2.73,HD,7.84,196,25,1280x720,1.78,FALSE
non_asd,Pexels_4712016-sd_426_226_25fps.mp4,d:\Class\06_DL\02_CNN\03_Computer Vision\1_Object_Detection\Projects\Autistic Spectrum Disorders\05_Research Tracker\Datasets\Dataset_V3\non_asd\Pexels_4712016-sd_426_226_25fps.mp4,.mp4,0.91,Low,32.04,801,25,426x226,1.88,FALSE
non_asd,Pexels_4712018-hd_720_1366_25fps.mp4,d:\Class\06_DL\02_CNN\03_Computer Vision\1_Object_Detection\Projects\Autistic Spectrum Disorders\05_Research Tracker\Datasets\Dataset_V3\non_asd\Pexels_4712018-hd_720_1366_25fps.mp4,.mp4,3.34,SD,18.84,471,25,720x1366,0.53,FALSE
non_asd,Pexels_4714346-sd_506_960_25fps.mp4,d:\Class\06_DL\02_CNN\03_Computer Vision\1_Object_Detection\Projects\Autistic Spectrum Disorders\05_Research Tracker\Datasets\Dataset_V3\non_asd\Pexels_4714346-sd_506_960_25fps.mp4,.mp4,1.16,Low,11.4,285,25,506x960,0.53,FALSE
non_asd,Pexels_4714383-hd_720_1366_25fps.mp4,d:\Class\06_DL\02_CNN\03_Computer Vision\1_Object_Detection\Projects\Autistic Spectrum Disorders\05_Research Tracker\Datasets\Dataset_V3\non_asd\Pexels_4714383-hd_720_1366_25fps.mp4,.mp4,4.03,SD,16.84,421,25,720x1366,0.53,FALSE
non_asd,Pexels_4714968-hd_2048_1080_25fps.mp4,d:\Class\06_DL\02_CNN\03_Computer Vision\1_Object_Detection\Projects\Autistic Spectrum Disorders\05_Research Tracker\Datasets\Dataset_V3\non_asd\Pexels_4714968-hd_2048_1080_25fps.mp4,.mp4,4.32,HD,7.4,185,25,2048x1080,1.9,FALSE
non_asd,Pexels_4715367-uhd_2160_4096_25fps.mp4,d:\Class\06_DL\02_CNN\03_Computer Vision\1_Object_Detection\Projects\Autistic Spectrum Disorders\05_Research Tracker\Datasets\Dataset_V3\non_asd\Pexels_4715367-uhd_2160_4096_25fps.mp4,.mp4,48.98,HD,22.72,568,25,2160x4096,0.53,FALSE
non_asd,Pexels_4811867-sd_960_540_30fps.mp4,d:\Class\06_DL\02_CNN\03_Computer Vision\1_Object_Detection\Projects\Autistic Spectrum Disorders\05_Research Tracker\Datasets\Dataset_V3\non_asd\Pexels_4811867-sd_960_540_30fps.mp4,.mp4,3,SD,14.95,448,29.97,960x540,1.78,FALSE
non_asd,Pexels_4811927-sd_960_540_30fps.mp4,d:\Class\06_DL\02_CNN\03_Computer Vision\1_Object_Detection\Projects\Autistic Spectrum Disorders\05_Research Tracker\Datasets\Dataset_V3\non_asd\Pexels_4811927-sd_960_540_30fps.mp4,.mp4,3.42,SD,17.18,515,29.97,960x540,1.78,FALSE
non_asd,Pexels_4812201-hd_1080_1920_30fps.mp4,d:\Class\06_DL\02_CNN\03_Computer Vision\1_Object_Detection\Projects\Autistic Spectrum Disorders\05_Research Tracker\Datasets\Dataset_V3\non_asd\Pexels_4812201-hd_1080_1920_30fps.mp4,.mp4,2.54,SD,8.71,261,29.97,720x1280,0.56,FALSE
non_asd,Pexels_4820853-uhd_3840_2160_25fps.mp4,d:\Class\06_DL\02_CNN\03_Computer Vision\1_Object_Detection\Projects\Autistic Spectrum Disorders\05_Research Tracker\Datasets\Dataset_V3\non_asd\Pexels_4820853-uhd_3840_2160_25fps.mp4,.mp4,39.39,HD,20.68,517,25,3840x2160,1.78,FALSE
non_asd,Pexels_4820867-sd_426_240_25fps.mp4,d:\Class\06_DL\02_CNN\03_Computer Vision\1_Object_Detection\Projects\Autistic Spectrum Disorders\05_Research Tracker\Datasets\Dataset_V3\non_asd\Pexels_4820867-sd_426_240_25fps.mp4,.mp4,0.25,Low,7.08,177,25,426x240,1.77,FALSE
non_asd,Pexels_4823194-sd_960_540_25fps.mp4,d:\Class\06_DL\02_CNN\03_Computer Vision\1_Object_Detection\Projects\Autistic Spectrum Disorders\05_Research Tracker\Datasets\Dataset_V3\non_asd\Pexels_4823194-sd_960_540_25fps.mp4,.mp4,1.43,SD,8.12,203,25,960x540,1.78,FALSE
non_asd,Pexels_4860324-hd_1366_720_30fps.mp4,d:\Class\06_DL\02_CNN\03_Computer Vision\1_Object_Detection\Projects\Autistic Spectrum Disorders\05_Research Tracker\Datasets\Dataset_V3\non_asd\Pexels_4860324-hd_1366_720_30fps.mp4,.mp4,6.01,HD,36.27,1088,30,1366x720,1.9,FALSE
non_asd,Pexels_4890328-hd_720_1298_50fps.mp4,d:\Class\06_DL\02_CNN\03_Computer Vision\1_Object_Detection\Projects\Autistic Spectrum Disorders\05_Research Tracker\Datasets\Dataset_V3\non_asd\Pexels_4890328-hd_720_1298_50fps.mp4,.mp4,3.91,SD,11.54,577,50,720x1298,0.55,FALSE
non_asd,Pexels_4958242-hd_1280_720_25fps.mp4,d:\Class\06_DL\02_CNN\03_Computer Vision\1_Object_Detection\Projects\Autistic Spectrum Disorders\05_Research Tracker\Datasets\Dataset_V3\non_asd\Pexels_4958242-hd_1280_720_25fps.mp4,.mp4,1.74,HD,6.04,151,25,1280x720,1.78,FALSE
non_asd,Pexels_4958358-hd_1920_1080_25fps.mp4,d:\Class\06_DL\02_CNN\03_Computer Vision\1_Object_Detection\Projects\Autistic Spectrum Disorders\05_Research Tracker\Datasets\Dataset_V3\non_asd\Pexels_4958358-hd_1920_1080_25fps.mp4,.mp4,3.44,HD,5.84,146,25,1920x1080,1.78,FALSE
non_asd,Pexels_4958798-uhd_3840_2160_25fps.mp4,d:\Class\06_DL\02_CNN\03_Computer Vision\1_Object_Detection\Projects\Autistic Spectrum Disorders\05_Research Tracker\Datasets\Dataset_V3\non_asd\Pexels_4958798-uhd_3840_2160_25fps.mp4,.mp4,14.91,HD,5.72,143,25,3840x2160,1.78,FALSE
non_asd,Pexels_4978364-sd_960_540_25fps.mp4,d:\Class\06_DL\02_CNN\03_Computer Vision\1_Object_Detection\Projects\Autistic Spectrum Disorders\05_Research Tracker\Datasets\Dataset_V3\non_asd\Pexels_4978364-sd_960_540_25fps.mp4,.mp4,1.72,SD,9.84,246,25,960x540,1.78,FALSE
non_asd,Pexels_4978440-sd_640_360_25fps.mp4,d:\Class\06_DL\02_CNN\03_Computer Vision\1_Object_Detection\Projects\Autistic Spectrum Disorders\05_Research Tracker\Datasets\Dataset_V3\non_asd\Pexels_4978440-sd_640_360_25fps.mp4,.mp4,0.52,SD,8.72,218,25,640x360,1.78,FALSE
non_asd,Pexels_4982411-hd_1280_720_25fps.mp4,d:\Class\06_DL\02_CNN\03_Computer Vision\1_Object_Detection\Projects\Autistic Spectrum Disorders\05_Research Tracker\Datasets\Dataset_V3\non_asd\Pexels_4982411-hd_1280_720_25fps.mp4,.mp4,2.81,HD,8.44,211,25,1280x720,1.78,FALSE
non_asd,Pexels_4982413-hd_1280_720_25fps.mp4,d:\Class\06_DL\02_CNN\03_Computer Vision\1_Object_Detection\Projects\Autistic Spectrum Disorders\05_Research Tracker\Datasets\Dataset_V3\non_asd\Pexels_4982413-hd_1280_720_25fps.mp4,.mp4,2.48,HD,7.6,190,25,1280x720,1.78,FALSE
non_asd,Pexels_5090281-sd_426_240_30fps.mp4,d:\Class\06_DL\02_CNN\03_Computer Vision\1_Object_Detection\Projects\Autistic Spectrum Disorders\05_Research Tracker\Datasets\Dataset_V3\non_asd\Pexels_5090281-sd_426_240_30fps.mp4,.mp4,0.4,Low,10.04,301,29.97,426x240,1.77,FALSE
non_asd,Pexels_5124578-hd_1280_720_25fps.mp4,d:\Class\06_DL\02_CNN\03_Computer Vision\1_Object_Detection\Projects\Autistic Spectrum Disorders\05_Research Tracker\Datasets\Dataset_V3\non_asd\Pexels_5124578-hd_1280_720_25fps.mp4,.mp4,1.89,HD,10.88,272,25,1280x720,1.78,FALSE
non_asd,Pexels_5124581-sd_640_360_25fps.mp4,d:\Class\06_DL\02_CNN\03_Computer Vision\1_Object_Detection\Projects\Autistic Spectrum Disorders\05_Research Tracker\Datasets\Dataset_V3\non_asd\Pexels_5124581-sd_640_360_25fps.mp4,.mp4,0.36,Low,9.8,245,25,426x240,1.77,FALSE
non_asd,Pexels_5124584-hd_1280_720_50fps.mp4,d:\Class\06_DL\02_CNN\03_Computer Vision\1_Object_Detection\Projects\Autistic Spectrum Disorders\05_Research Tracker\Datasets\Dataset_V3\non_asd\Pexels_5124584-hd_1280_720_50fps.mp4,.mp4,2.75,HD,13.66,683,50,1280x720,1.78,FALSE
non_asd,Pexels_5124589-uhd_2560_1440_25fps.mp4,d:\Class\06_DL\02_CNN\03_Computer Vision\1_Object_Detection\Projects\Autistic Spectrum Disorders\05_Research Tracker\Datasets\Dataset_V3\non_asd\Pexels_5124589-uhd_2560_1440_25fps.mp4,.mp4,5.98,HD,15.2,380,25,2560x1440,1.78,FALSE
non_asd,Pexels_5125493-sd_426_240_25fps.mp4,d:\Class\06_DL\02_CNN\03_Computer Vision\1_Object_Detection\Projects\Autistic Spectrum Disorders\05_Research Tracker\Datasets\Dataset_V3\non_asd\Pexels_5125493-sd_426_240_25fps.mp4,.mp4,0.82,Low,20.64,516,25,426x240,1.77,FALSE
non_asd,Pexels_5125496-uhd_2560_1440_25fps.mp4,d:\Class\06_DL\02_CNN\03_Computer Vision\1_Object_Detection\Projects\Autistic Spectrum Disorders\05_Research Tracker\Datasets\Dataset_V3\non_asd\Pexels_5125496-uhd_2560_1440_25fps.mp4,.mp4,6.72,HD,11.12,278,25,2560x1440,1.78,FALSE
non_asd,Pexels_5135468-sd_426_240_25fps.mp4,d:\Class\06_DL\02_CNN\03_Computer Vision\1_Object_Detection\Projects\Autistic Spectrum Disorders\05_Research Tracker\Datasets\Dataset_V3\non_asd\Pexels_5135468-sd_426_240_25fps.mp4,.mp4,0.52,Low,14.92,373,25,426x240,1.77,FALSE
non_asd,Pexels_5135471-uhd_3840_2160_25fps.mp4,d:\Class\06_DL\02_CNN\03_Computer Vision\1_Object_Detection\Projects\Autistic Spectrum Disorders\05_Research Tracker\Datasets\Dataset_V3\non_asd\Pexels_5135471-uhd_3840_2160_25fps.mp4,.mp4,8.04,HD,13.96,349,25,2560x1440,1.78,FALSE
non_asd,Pexels_5135473-sd_640_360_25fps.mp4,d:\Class\06_DL\02_CNN\03_Computer Vision\1_Object_Detection\Projects\Autistic Spectrum Disorders\05_Research Tracker\Datasets\Dataset_V3\non_asd\Pexels_5135473-sd_640_360_25fps.mp4,.mp4,0.74,SD,14,350,25,640x360,1.78,FALSE
non_asd,Pexels_5135874-uhd_2560_1440_25fps.mp4,d:\Class\06_DL\02_CNN\03_Computer Vision\1_Object_Detection\Projects\Autistic Spectrum Disorders\05_Research Tracker\Datasets\Dataset_V3\non_asd\Pexels_5135874-uhd_2560_1440_25fps.mp4,.mp4,9.1,HD,13.56,339,25,2560x1440,1.78,FALSE
non_asd,Pexels_5135883-sd_426_240_25fps.mp4,d:\Class\06_DL\02_CNN\03_Computer Vision\1_Object_Detection\Projects\Autistic Spectrum Disorders\05_Research Tracker\Datasets\Dataset_V3\non_asd\Pexels_5135883-sd_426_240_25fps.mp4,.mp4,0.36,Low,9.8,245,25,426x240,1.77,FALSE
non_asd,Pexels_5184343-sd_360_640_30fps.mp4,d:\Class\06_DL\02_CNN\03_Computer Vision\1_Object_Detection\Projects\Autistic Spectrum Disorders\05_Research Tracker\Datasets\Dataset_V3\non_asd\Pexels_5184343-sd_360_640_30fps.mp4,.mp4,0.56,Low,9.54,286,29.97,360x640,0.56,FALSE
non_asd,Pexels_5199636-uhd_3840_2160_25fps.mp4,d:\Class\06_DL\02_CNN\03_Computer Vision\1_Object_Detection\Projects\Autistic Spectrum Disorders\05_Research Tracker\Datasets\Dataset_V3\non_asd\Pexels_5199636-uhd_3840_2160_25fps.mp4,.mp4,18.68,HD,12.32,308,25,3840x2160,1.78,FALSE
non_asd,Pexels_5212276-hd_1080_1920_25fps.mp4,d:\Class\06_DL\02_CNN\03_Computer Vision\1_Object_Detection\Projects\Autistic Spectrum Disorders\05_Research Tracker\Datasets\Dataset_V3\non_asd\Pexels_5212276-hd_1080_1920_25fps.mp4,.mp4,5.56,SD,13.96,349,25,1080x1920,0.56,FALSE
non_asd,Pexels_5221493-sd_226_426_30fps.mp4,d:\Class\06_DL\02_CNN\03_Computer Vision\1_Object_Detection\Projects\Autistic Spectrum Disorders\05_Research Tracker\Datasets\Dataset_V3\non_asd\Pexels_5221493-sd_226_426_30fps.mp4,.mp4,0.69,Low,23.67,710,30,226x426,0.53,FALSE
non_asd,Pexels_5221495-hd_720_1366_30fps.mp4,d:\Class\06_DL\02_CNN\03_Computer Vision\1_Object_Detection\Projects\Autistic Spectrum Disorders\05_Research Tracker\Datasets\Dataset_V3\non_asd\Pexels_5221495-hd_720_1366_30fps.mp4,.mp4,2.74,SD,14.13,424,30,720x1366,0.53,FALSE
non_asd,Pexels_5259432-sd_640_338_30fps.mp4,d:\Class\06_DL\02_CNN\03_Computer Vision\1_Object_Detection\Projects\Autistic Spectrum Disorders\05_Research Tracker\Datasets\Dataset_V3\non_asd\Pexels_5259432-sd_640_338_30fps.mp4,.mp4,1.47,SD,22.43,673,30,640x338,1.89,FALSE
non_asd,Pexels_5271747-uhd_3840_2160_30fps.mp4,d:\Class\06_DL\02_CNN\03_Computer Vision\1_Object_Detection\Projects\Autistic Spectrum Disorders\05_Research Tracker\Datasets\Dataset_V3\non_asd\Pexels_5271747-uhd_3840_2160_30fps.mp4,.mp4,31.49,HD,11.21,336,29.97,3840x2160,1.78,FALSE
non_asd,Pexels_5304978-sd_506_960_30fps.mp4,d:\Class\06_DL\02_CNN\03_Computer Vision\1_Object_Detection\Projects\Autistic Spectrum Disorders\05_Research Tracker\Datasets\Dataset_V3\non_asd\Pexels_5304978-sd_506_960_30fps.mp4,.mp4,1.26,Low,17,510,30,506x960,0.53,FALSE
non_asd,Pexels_5423380-hd_1920_1080_25fps.mp4,d:\Class\06_DL\02_CNN\03_Computer Vision\1_Object_Detection\Projects\Autistic Spectrum Disorders\05_Research Tracker\Datasets\Dataset_V3\non_asd\Pexels_5423380-hd_1920_1080_25fps.mp4,.mp4,2.3,HD,3.84,96,25,1920x1080,1.78,FALSE
non_asd,Pexels_5534130-sd_360_640_30fps.mp4,d:\Class\06_DL\02_CNN\03_Computer Vision\1_Object_Detection\Projects\Autistic Spectrum Disorders\05_Research Tracker\Datasets\Dataset_V3\non_asd\Pexels_5534130-sd_360_640_30fps.mp4,.mp4,5.84,Low,79.61,2386,29.97,360x640,0.56,FALSE
non_asd,Pexels_5599014-sd_540_960_24fps.mp4,d:\Class\06_DL\02_CNN\03_Computer Vision\1_Object_Detection\Projects\Autistic Spectrum Disorders\05_Research Tracker\Datasets\Dataset_V3\non_asd\Pexels_5599014-sd_540_960_24fps.mp4,.mp4,1.78,Low,10.01,240,23.98,540x960,0.56,FALSE
non_asd,Pexels_5599015-sd_240_426_24fps.mp4,d:\Class\06_DL\02_CNN\03_Computer Vision\1_Object_Detection\Projects\Autistic Spectrum Disorders\05_Research Tracker\Datasets\Dataset_V3\non_asd\Pexels_5599015-sd_240_426_24fps.mp4,.mp4,0.45,Low,10.01,240,23.98,240x426,0.56,FALSE
non_asd,Pexels_5599017-hd_720_1280_24fps.mp4,d:\Class\06_DL\02_CNN\03_Computer Vision\1_Object_Detection\Projects\Autistic Spectrum Disorders\05_Research Tracker\Datasets\Dataset_V3\non_asd\Pexels_5599017-hd_720_1280_24fps.mp4,.mp4,3.76,SD,11.76,282,23.98,720x1280,0.56,FALSE
non_asd,Pexels_5599019-hd_720_1280_24fps.mp4,d:\Class\06_DL\02_CNN\03_Computer Vision\1_Object_Detection\Projects\Autistic Spectrum Disorders\05_Research Tracker\Datasets\Dataset_V3\non_asd\Pexels_5599019-hd_720_1280_24fps.mp4,.mp4,3.43,SD,12.14,291,23.98,720x1280,0.56,FALSE
non_asd,Pexels_5599228-sd_540_960_24fps.mp4,d:\Class\06_DL\02_CNN\03_Computer Vision\1_Object_Detection\Projects\Autistic Spectrum Disorders\05_Research Tracker\Datasets\Dataset_V3\non_asd\Pexels_5599228-sd_540_960_24fps.mp4,.mp4,2.05,Low,10.01,240,23.98,540x960,0.56,FALSE
non_asd,Pexels_5600125-uhd_2160_3840_24fps.mp4,d:\Class\06_DL\02_CNN\03_Computer Vision\1_Object_Detection\Projects\Autistic Spectrum Disorders\05_Research Tracker\Datasets\Dataset_V3\non_asd\Pexels_5600125-uhd_2160_3840_24fps.mp4,.mp4,22.56,HD,8.63,207,23.98,2160x3840,0.56,FALSE
non_asd,Pexels_5601078-hd_720_1280_24fps.mp4,d:\Class\06_DL\02_CNN\03_Computer Vision\1_Object_Detection\Projects\Autistic Spectrum Disorders\05_Research Tracker\Datasets\Dataset_V3\non_asd\Pexels_5601078-hd_720_1280_24fps.mp4,.mp4,3.43,SD,10.01,240,23.98,720x1280,0.56,FALSE
non_asd,Pexels_5621396-uhd_2160_3840_24fps.mp4,d:\Class\06_DL\02_CNN\03_Computer Vision\1_Object_Detection\Projects\Autistic Spectrum Disorders\05_Research Tracker\Datasets\Dataset_V3\non_asd\Pexels_5621396-uhd_2160_3840_24fps.mp4,.mp4,32.34,HD,11.18,268,23.98,2160x3840,0.56,FALSE
non_asd,Pexels_5691192-hd_1920_1080_25fps.mp4,d:\Class\06_DL\02_CNN\03_Computer Vision\1_Object_Detection\Projects\Autistic Spectrum Disorders\05_Research Tracker\Datasets\Dataset_V3\non_asd\Pexels_5691192-hd_1920_1080_25fps.mp4,.mp4,9.7,HD,18,450,25,1920x1080,1.78,FALSE
non_asd,Pexels_5705720-sd_426_240_30fps.mp4,d:\Class\06_DL\02_CNN\03_Computer Vision\1_Object_Detection\Projects\Autistic Spectrum Disorders\05_Research Tracker\Datasets\Dataset_V3\non_asd\Pexels_5705720-sd_426_240_30fps.mp4,.mp4,0.73,Low,18.62,558,29.97,426x240,1.77,FALSE
non_asd,Pexels_5706082-hd_720_1280_30fps.mp4,d:\Class\06_DL\02_CNN\03_Computer Vision\1_Object_Detection\Projects\Autistic Spectrum Disorders\05_Research Tracker\Datasets\Dataset_V3\non_asd\Pexels_5706082-hd_720_1280_30fps.mp4,.mp4,4.6,SD,14.25,427,29.97,720x1280,0.56,FALSE
non_asd,Pexels_5706085-sd_540_960_30fps.mp4,d:\Class\06_DL\02_CNN\03_Computer Vision\1_Object_Detection\Projects\Autistic Spectrum Disorders\05_Research Tracker\Datasets\Dataset_V3\non_asd\Pexels_5706085-sd_540_960_30fps.mp4,.mp4,1.63,Low,10.51,315,29.97,540x960,0.56,FALSE
